index	icon
1	BTNtcl.png
2	BTNTelescope.png
3	BTNSteelArmor.png
4	BTNSacrifice.png
5	BTNMedalionOfCourage.png
6	BTNImmolationOn.png
7	BTNArcaniteMelee.png
8	BTNImmolationOff.png
9	BTNAmulet.png
10	BTNAcorn.png
11	BTNNatureTouchGrow.png
12	BTNTemp.png
13	BTNUrnOfKelThuzad.png
14	BTNHealingWard.png
15	BTNqslw.png
16	BTNChemicalRage.png
17	BTNPendantOfEnergy.png
18	BTNPhaseShift.png
19	BTNGlove.png
20	BTNFire.png
21	BTNpb.png
22	BTNShimmerWeed.png
23	BTNWandSkull.png
24	BTNNecklace.png
25	BTNSacrificialSkull.png
26	BTNRingJadeFalcon.png
27	BTNWandOfManaSteal.png
28	BTNCirclet.png
29	BTNOrbOfVenom.png
30	BTNPowerGenerator.png
31	BTNGem.png
32	BTNyb16.png
33	BTNyb3.png
34	BTNScrollOfHaste.png
35	BTNSnazzyScrollGreen.png
36	BTNGoblinLandMine.png
37	BTNccl.png
38	BTNThoriumMelee.png
39	BTNStaffOfNegation.png
40	BTNxnq.png
41	BTNGlyph.png
42	BTNI05F.png
43	BTNI05I.png
44	BTNI05Q.png
45	BTNRunedBracers.png
46	BTNHornOfFog.png
47	BTNnhgj.png
48	BTNHornOfCenarius.png
49	BTNHornOfDoom.png
50	BTNlzhd.png
51	BTNNecromancerAdept.png
52	BTNDeathAndDecay.png
53	BTNOrcMeleeUpOne.png
54	BTNPotionRed.png
55	BTNSpellShieldAmulet.png
56	BTNManaStone.png
57	BTNyxx.png
58	BTNszxyj.png
59	BTNxxej.png
60	BTNWand.png
61	BTNzstk.png
62	BTNShade.png
63	BTNXNSJ.png
64	BTNXJZR.png
65	BTNXSZX.png
66	BTNyb1.png
67	BTNyb8.png
68	BTNyb7.png
69	BTNyb10.png
70	BTNNightElfCaptureFlag.png
71	BTNHumanCaptureFlag.png
72	BTNSnazzyScrollPurple.png
73	BTNbcl.png
74	BTNnld.png
75	BTNI05X.png
76	BTNI05E.png
77	BTNAdvancedUnholyStrength.png
78	BTNwbc.png
79	BTNSoulGem.png
80	BTNScroll.png
81	BTNAmuletOftheWild.png
82	BTNzhmr.png
83	BTNFaerieFire.png
84	BTNSentryWard.png
85	BTNqhlw.png
86	BTNzwlw.png
87	BTNStaffOfSanctuary.png
88	BTNHeartOfAszune.png
89	BTNStaffOfPurification.png
90	BTNAlleriaFlute.png
91	BTNPriestAdept.png
92	BTNSpellSteal.png
93	BTNhuiguang.png
94	BTNGoldRing.png
95	BTNDust.png
96	BTNDOTAdeptTraining.png
97	BTNsanhua.png
98	BTNOrbOfCorruption.png
99	BTNsrdq.png
100	BTNHoodOfCunning.png
101	BTNtsjr.png
102	BTNyecha.png
103	BTNImprovedUnholyStrength.png
104	BTNChestOfGold.png
105	BTNRingVioletSpider.png
106	BTNSorceressAdept.png
107	BTNLesserInvulneralbility.png
108	BTNEMBD.png
109	BTNXSSZJ.png
110	BTNXNJD.png
111	BTNyb5.png
112	BTNyb4.png
113	BTNUndeadCaptureFlag.png
114	BTNOrcCaptureFlag.png
115	BTNScrollOfProtection.png
116	BTNScrollOfRegenerationGreen.png
117	BTNBansheeMaster.png
118	BTNManaFlare.png
119	BTNjcl.png
120	BTNVialFull.png
121	BTNWandOfNeutralization.png
122	BTNI05Z.png
123	BTNRedDragon.png
124	BTNI05P.png
125	BTNI05T.png
126	BTNBoneChimes.png
127	BTNbjx.png
128	BTNShadowPact.png
129	BTNImpalingBolt.png
130	BTNjfdj.png
131	BTNNagaWeaponUp2.png
132	BTNTransmute.png
133	BTNRingLionHead.png
134	BTNGhostKey.png
135	BTNcrxl.png
136	BTNPhoenixEgg.png
137	BTNFarSight.png
138	BTNDivineShieldOff.png
139	BTNRingSkull.png
140	BTNUsedSoulGem.png
141	BTNWitchDoctorMaster.png
142	BTNCloakOfFlames.png
143	BTNfj.png
144	BTNArmorGolem.png
145	BTNLionHorn.png
146	BTNHumanWatchTower.png
147	BTNImpale.png
148	BTNHeartOfSearinox.png
149	BTNhuiye.png
150	BTNSpellBookBLS.png
151	BTNHumanMissileUpThree.png
152	BTNGreaterInvulneralbility.png
153	BTN3M3.png
154	BTNsanhui.png
155	BTNsanye.png
156	BTNysjhz.png
157	BTNSnazzyPotion.png
158	BTNSpiritWalkerAdeptTraining.png
159	BTNAntiMagicShell.png
160	BTNXNFQ.png
161	BTNyb2.png
162	BTNyb15.png
163	BTNyhyb.png
164	BTNRallyPoint.png
165	BTNRallyPointNightElf.png
166	BTNScrollUber.png
167	BTNSnazzyScroll.png
168	BTNScrollOfTownPortal.png
169	BTNFlakCannons.png
170	BTNEnchantedGemstone.png
171	BTNAnimalWarTraining.png
172	BTNOrbOfFire.png
173	BTNI05U.png
174	BTNManaShield.png
175	BTNHelmOfValor.png
176	BTNStarFall.png
177	BTNCriticalStrike.png
178	BTNHumanArmorUpThree.png
179	BTNShadowStrike.png
180	BTNOrbOfFrost.png
181	BTNRegenerationAura.png
182	BTNSorceressMaster.png
183	BTNkr.png
184	BTNGuldanSkull.png
185	BTNMagicVault.png
186	BTNEntrapmentWard.png
187	BTNclq.png
188	BTNgbmf.png
189	BTNhjnyhx.png
190	BTNNecromancerMaster.png
191	BTNJHZ.png
192	BTNljchq.png
193	BTNnyhx.png
194	BTNBloodKey.png
195	BTNEMZX.png
196	BTNInfernalStone.png
197	BTNOrcBattleStandard.png
198	BTNSobiMask.png
199	BTNImbuedMasonry.png
200	BTNLamp.png
201	BTNCurse.png
202	BTNBigBadVoodooSpell.png
203	BTNBloodLust.png
204	BTNAbsorbMagic.png
205	BTNI05M.png
206	BTNStormHammer.png
207	BTNPhilosophersStone.png
208	BTNSpiritLink.png
209	BTNAdvancedStrengthOfTheWild.png
210	BTNyblw.png
211	BTNLightningShield.png
212	BTNTome.png
213	BTNHelmutPurple.png
214	BTNPurge.png
215	BTNWellSpring.png
216	BTNCharm.png
217	BTNVampiricAura.png
218	BTNJHQZ.png
219	BTNyb14.png
220	BTNyb13.png
221	BTNCrate.png
222	BTNInfernalCannon.png
223	BTNnlyj.png
224	BTNI05V.png
225	BTNI05W.png
226	BTNI05Y.png
227	BTNOrb.png
228	BTNxlhb.png
229	BTNhycj.png
230	BTNnhgjup.png
231	BTNGolemThunderClap.png
232	BTNlzhdup.png
233	BTNReincarnation.png
234	BTNcjzsj.png
235	BTNSunKey.png
236	BTNWitchDoctorAdept.png
237	BTNitemDJS.png
238	BTNStaffOfTeleportation.png
239	BTNThunderLizardEgg.png
240	BTNzstkup.png
241	BTNDOTMasterTraining.png
242	BTNgsjh.png
243	BTNyshsj.png
244	BTNUnholyAura.png
245	BTNwycl.png
246	BTNStarWand.png
247	BTNzzj.png
248	BTNXJTHZ.png
249	BTNyb9.png
250	BTNFlare.png