index	name	icon
1	铁齿轮	BTNtcl.png
2	充能望远镜	BTNTelescope.png
3	木盾	BTNSteelArmor.png
4	小刀	BTNSacrifice.png
5	勇气勋章	BTNMedalionOfCourage.png
6	接受火焰传承	BTNImmolationOn.png
7	流火长剑	BTNArcaniteMelee.png
8	灭火	BTNImmolationOff.png
9	生命护符	BTNAmulet.png
10	橡果	BTNAcorn.png
11	小树枝	BTNNatureTouchGrow.png
12	加速手套	BTNTemp.png
13	升级灵瓮	BTNUrnOfKelThuzad.png
14	泰坦图腾	BTNHealingWard.png
15	力量拳套	BTNTemp.png
16	储备蛇棒	BTNqslw.png
17	地精望远镜	BTNTelescope.png
18	疯狂药剂	BTNChemicalRage.png
19	古法坠饰	BTNPendantOfEnergy.png
20	蝴蝶标本	BTNPhaseShift.png
21	恢复指环	BTNTemp.png
22	火花手套	BTNGlove.png
23	敏捷便鞋	BTNTemp.png
24	喷火器	BTNFire.png
25	破败巫毒之剑	BTNpb.png
26	奇怪的橡果	BTNAcorn.png
27	升级护符	BTNTemp.png
28	速度之靴	BTNTemp.png
29	通天藤	BTNShimmerWeed.png
30	巫毒权杖	BTNWandSkull.png
31	巫毒项链	BTNNecklace.png
32	巫毒小玩意	BTNSacrificialSkull.png
33	小戒指	BTNRingJadeFalcon.png
34	星落法杖	BTNWandOfManaSteal.png
35	医疗权杖	BTNTemp.png
36	艺人面罩	BTNTemp.png
37	智力头冠	BTNCirclet.png
38	æ¯æ¶²ä¹ç	BTNOrbOfVenom.png
39	æå½±ä¹ç	BTNTemp.png
40	充能电池	BTNPowerGenerator.png
41	献祭头骨	BTNSacrificialSkull.png
42	仪式宝石	BTNGem.png
43	笑脸硬币	BTNyb16.png
44	幸运币	BTNyb3.png
45	极速之咒	BTNScrollOfHaste.png
46	启智之咒	BTNSnazzyScrollGreen.png
47	自动诡雷	BTNGoblinLandMine.png
48	红齿轮	BTNccl.png
49	充能剑	BTNThoriumMelee.png
50	通灵杖	BTNStaffOfNegation.png
51	蓄能器	BTNxnq.png
52	传火图腾	BTNGlyph.png
53	火苗	BTNI05F.png
54	火苗(变异)	BTNI05I.png
55	暖石	BTNI05Q.png
56	仪式项链	BTNNecklace.png
57	符文石	BTNRunedBracers.png
58	火花灵翁	BTNHornOfFog.png
59	火花灵瓮	BTNHornOfFog.png
60	霓虹棍剑	BTNnhgj.png
61	结算灵瓮	BTNHornOfCenarius.png
62	邪恶灵瓮	BTNHornOfDoom.png
63	离子护盾	BTNlzhd.png
64	通灵书	BTNNecromancerAdept.png
65	彼岸花	BTNDeathAndDecay.png
66	金色勋章	BTNTemp.png
67	奎尔萨拉斯之靴	BTNTemp.png
68	廉价钝斧	BTNOrcMeleeUpOne.png
69	劣质充能瓶	BTNPotionRed.png
70	铭咒金印	BTNSpellShieldAmulet.png
71	魔法石	BTNManaStone.png
72	神行靴	BTNyxx.png
73	试作型注射剂	BTNszxyj.png
74	水晶球	BTNTemp.png
75	休闲耳机	BTNxxej.png
76	游医之杖	BTNWand.png
77	战术头盔	BTNzstk.png
78	灵魂	BTNShade.png
79	次元结晶	BTNXNSJ.png
80	献祭之刃	BTNXJZR.png
81	邪神的心脏碎片	BTNXSZX.png
82	夹层硬币	BTNyb1.png
83	母币	BTNyb8.png
84	纽扣硬币	BTNyb7.png
85	子币	BTNyb10.png
86	精灵战旗	BTNNightElfCaptureFlag.png
87	王国战旗	BTNHumanCaptureFlag.png
88	邪恶之咒	BTNSnazzyScrollPurple.png
89	流星法杖	BTNTemp.png
90	白齿轮	BTNbcl.png
91	充能盾	BTNnld.png
92	焚烬之杖	BTNI05X.png
93	火种	BTNI05E.png
94	浴火者	BTNAdvancedUnholyStrength.png
95	万宝锤	BTNwbc.png
96	窃魂灵翁	BTNSoulGem.png
97	私人贷卷	BTNScroll.png
98	雄鹰戒指	BTNRingJadeFalcon.png
99	毁灭之怒	BTNAmuletOftheWild.png
100	火花末刃	BTNzhmr.png
101	火花奇术手	BTNFaerieFire.png
102	遗留者眼球	BTNSentryWard.png
103	窃魂灵瓮	BTNqhlw.png
104	咒文灵瓮	BTNzwlw.png
105	巨人法杖	BTNStaffOfSanctuary.png
106	巨人之力图腾	BTNHealingWard.png
107	泰坦之心	BTNHeartOfAszune.png
108	无私巨人之杖	BTNStaffOfPurification.png
109	通灵笛	BTNAlleriaFlute.png
110	咒文师的通灵长袍	BTNTemp.png
111	奥术神杖	BTNPriestAdept.png
112	噩梦之爪	BTNSpellSteal.png
113	慧光	BTNhuiguang.png
114	炼金罐	BTNTemp.png
115	魔戒	BTNGoldRing.png
116	茉萃的福袋	BTNDust.png
117	祈求之杖	BTNDOTAdeptTraining.png
118	散华	BTNsanhua.png
119	蚀甲之球	BTNOrbOfCorruption.png
120	私人贷券	BTNsrdq.png
121	挑战头巾	BTNHoodOfCunning.png
122	屠杀金刃	BTNtsjr.png
123	夜叉	BTNyecha.png
124	夜鬼爪套	BTNImprovedUnholyStrength.png
125	硬币箱	BTNChestOfGold.png
126	蜘蛛戒指	BTNRingVioletSpider.png
127	诅咒之书	BTNSorceressAdept.png
128	充能瓶	BTNLesserInvulneralbility.png
129	咒文消耗	BTNSpellSteal.png
130	恶魔宝典	BTNEMBD.png
131	腐化者的邪珠	BTNOrbOfVenom.png
132	教会之戒	BTNXSSZJ.png
133	邪能巨盾	BTNXNJD.png
134	纪念币	BTNyb5.png
135	强化硬币	BTNyb4.png
136	荒芜战旗	BTNUndeadCaptureFlag.png
137	英勇战旗	BTNOrcCaptureFlag.png
138	奥术之咒	BTNScrollOfProtection.png
139	丰收之咒	BTNScrollOfRegenerationGreen.png
140	智慧之咒	BTNBansheeMaster.png
141	闪光放射器	BTNManaFlare.png
142	金齿轮	BTNjcl.png
143	瓶装粒子	BTNVialFull.png
144	增压电荷	BTNWandOfNeutralization.png
145	融合之火	BTNI05Z.png
146	神秘护腕	BTNRunedBracers.png
147	炎龙断首	BTNRedDragon.png
148	仪式之戟	BTNI05P.png
149	异变熔核	BTNI05T.png
150	骨制风铃	BTNBoneChimes.png
151	空洞宝珠	BTNSoulGem.png
152	蓝港补给箱	BTNbjx.png
153	吊命娃娃	BTNShadowPact.png
154	火花飞矢	BTNImpalingBolt.png
155	疾风短剑	BTNjfdj.png
156	破败火花剑	BTNpb.png
157	破败之刃	BTNpb.png
158	开辟者	BTNNagaWeaponUp2.png
159	审判金剑	BTNTransmute.png
160	雄狮之戒	BTNRingLionHead.png
161	钥匙	BTNGhostKey.png
162	噬魂灵瓮	BTNcrxl.png
163	龙蛋	BTNPhoenixEgg.png
164	望远镜	BTNFarSight.png
165	无敌斩	BTNDivineShieldOff.png
166	怨恨头骨	BTNRingSkull.png
167	窃魂	BTNUsedSoulGem.png
168	唤醒泰坦之杖	BTNWitchDoctorMaster.png
169	火焰风衣	BTNCloakOfFlames.png
170	荆棘之甲	BTNfj.png
171	泰坦巨盔	BTNArmorGolem.png
172	泰坦灵瓮	BTNLionHorn.png
173	月牙塔	BTNHumanWatchTower.png
174	冻结之杖移除	BTNStaffOfNegation.png
175	放血刀	BTNImpale.png
176	琥珀	BTNHeartOfSearinox.png
177	慧夜对剑	BTNhuiye.png
178	卡德加的咒文书	BTNSpellBookBLS.png
179	迫击火炮	BTNHumanMissileUpThree.png
180	强效充能瓶	BTNGreaterInvulneralbility.png
181	三月之珠	BTN3M3.png
182	散慧对剑	BTNsanhui.png
183	散夜对剑	BTNsanye.png
184	亚煞极魂珠	BTNysjhz.png
185	医者仁心	BTNSnazzyPotion.png
186	远古战斧	BTNSpiritWalkerAdeptTraining.png
187	金印	BTNGlyph.png
188	邪教徒印记	BTNAntiMagicShell.png
189	邪念法器	BTNXNFQ.png
190	刷新币	BTNyb2.png
191	铜硬币	BTNyb15.png
192	怨恨硬币	BTNyhyb.png
193	议会之旗	BTNRallyPoint.png
194	银月战旗	BTNRallyPointNightElf.png
195	活力之咒	BTNScrollUber.png
196	坚甲之咒	BTNSnazzyScroll.png
197	全能之咒	BTNScrollOfTownPortal.png
198	自动机炮	BTNFlakCannons.png
199	完美核心	BTNEnchantedGemstone.png
200	未来引擎	BTNAnimalWarTraining.png
201	火焰之珠	BTNOrbOfFire.png
202	熔石	BTNI05U.png
203	回收锤	BTNDivineShieldOff.png
204	贷款盾	BTNManaShield.png
205	贷款头盔	BTNHelmOfValor.png
206	流星	BTNStarFall.png
207	VIP卡	BTNChestOfGold.png
208	暴击斧	BTNCriticalStrike.png
209	暴击头盔	BTNHumanArmorUpThree.png
210	火花环刃	BTNShadowStrike.png
211	霜火之珠	BTNOrbOfFrost.png
212	恶鬼剑	BTNRegenerationAura.png
213	金色账簿	BTNSorceressMaster.png
214	暗黑灵瓮	BTNkr.png
215	泰坦之颅	BTNGuldanSkull.png
216	阿卡兰的魔匝	BTNMagicVault.png
217	不详权杖	BTNEntrapmentWard.png
218	点金术	BTNTransmute.png
219	改装钳	BTNclq.png
220	诡变魔方	BTNgbmf.png
221	耗尽的驱动核心	BTNhjnyhx.png
222	禁忌之书	BTNNecromancerMaster.png
223	净化者	BTNJHZ.png
224	炼金纯化器	BTNljchq.png
225	驱动核心	BTNnyhx.png
226	鲜血钥匙	BTNBloodKey.png
227	恶魔之血	BTNEMZX.png
228	混沌之颅	BTNInfernalStone.png
229	英灵旗布	BTNOrcBattleStandard.png
230	咒文灵翁	BTNSobiMask.png
231	耐文合金	BTNImbuedMasonry.png
232	组装器	BTNLamp.png
233	剑圣诅咒	BTNWandSkull.png
234	牛头人诅咒	BTNCurse.png
235	萨满诅咒	BTNBigBadVoodooSpell.png
236	血法诅咒	BTNBloodLust.png
237	充能神杖	BTNAbsorbMagic.png
238	薪火传承之书	BTNI05M.png
239	通天锤	BTNStormHammer.png
240	血羽之心	BTNPhilosophersStone.png
241	不详	BTNGuldanSkull.png
242	噬魂	BTNSpiritLink.png
243	闪耀之爪	BTNAdvancedStrengthOfTheWild.png
244	熔火灵瓮	BTNyblw.png
245	电磁屏障	BTNLightningShield.png
246	三月	BTN3M3.png
247	账本	BTNTome.png
248	霜火皇冠	BTNHelmutPurple.png
249	机械飞升	BTNPurge.png
250	净化圣水	BTNWellSpring.png
251	启发之智	BTNCharm.png
252	吸血鬼之牙	BTNVampiricAura.png
253	教皇权杖	BTNJHQZ.png
254	复活币	BTNyb14.png
255	经验币	BTNyb13.png
256	卡德加	BTNSpellBookBLS.png
257	咒文匣子	BTNCrate.png
258	自动机枪	BTNInfernalCannon.png
259	完美火花石	BTNnlyj.png
260	拜火者仪杖	BTNI05V.png
261	流火念珠串	BTNI05W.png
262	熔烬神杖	BTNI05X.png
263	薪王余辉	BTNI05Y.png
264	邪灵宝珠	BTNOrb.png
265	星落怀表	BTNxlhb.png
266	幻影对剑	BTNhycj.png
267	蓝港棍剑	BTNnhgjup.png
268	陨灭泰坦之锤	BTNGolemThunderClap.png
269	蓝港护盾	BTNlzhdup.png
270	泰坦化身	BTNReincarnation.png
271	裁决者圣剑	BTNcjzsj.png
272	纯金宝钥	BTNSunKey.png
273	大树枝	BTNWitchDoctorAdept.png
274	点金手	BTNitemDJS.png
275	赌徒吉祥物	BTNStaffOfTeleportation.png
276	解咒石	BTNThunderLizardEgg.png
277	蓝港头盔	BTNzstkup.png
278	神灵之杖	BTNDOTMasterTraining.png
279	圣兽之戒	BTNgsjh.png
280	十尾神剑	BTNyshsj.png
281	嗜戒狂之盔	BTNUnholyAura.png
282	万用齿轮	BTNwycl.png
283	许愿星	BTNStarWand.png
284	至尊戒	BTNzzj.png
285	邪教徒徽章	BTNXJTHZ.png
286	金硬币	BTNyb9.png
287	信标	BTNFlare.png